6.6731834,10.955328,7.615812,0
8.500535,8.917218,9.523204,0
6.940176,10.702655,6.587375,0
7.3770623,9.5799885,11.312138,0
7.4528923,11.232506,7.317147,0
7.5212464,9.383367,10.596692,0
9.302182,10.67368,10.062571,0
7.9223604,10.9645195,9.784787,0
7.9270787,11.828095,7.533078,0
6.914656,10.514989,6.9318976,0
6.911739,11.948447,7.5081778,1
7.7988534,9.601968,10.850961,0
6.648719,10.028006,5.1177816,0
5.8002653,12.940485,7.667354,0
7.1189775,9.318239,5.3613944,0
8.184214,10.821033,6.577203,0
7.911846,10.269423,5.766916,0
7.6997123,9.321027,10.043262,0
8.202562,10.100004,6.516499,0
7.6678705,9.644877,4.980791,0
9.649455,10.95513,9.980038,0
7.093937,11.859945,7.4868293,0
7.545103,9.650783,6.4773297,0
8.907963,8.887613,9.091896,0
10.300375,10.059868,7.4622536,0
7.189763,9.182263,4.3872075,0
7.5953465,10.949786,7.6010666,0
5.9594717,13.030959,7.2348475,0
9.041282,10.396461,9.533287,0
6.3633957,8.380612,6.532927,0
6.839563,9.680756,9.556332,0
7.5337086,9.6344795,6.465176,0
8.291435,8.861585,9.265337,0
7.478488,11.18801,7.128275,0
7.493775,10.021558,10.669801,0
7.1194153,9.651022,5.441499,0
8.353643,8.99323,9.562111,0
7.5926714,9.230796,9.429105,0
7.4083834,9.612965,6.424654,0
7.08663,9.283324,5.242471,0
8.999671,10.195172,9.969154,0
6.6472254,10.042409,5.094989,0
6.1879125,12.76161,7.379948,0
7.092927,11.472944,7.0892916,0
8.003118,10.61332,6.5619593,0
7.7299814,9.720223,5.0629196,0
9.007064,8.974453,9.164561,0
8.044183,9.663314,9.966146,0
10.429979,9.96261,7.8203406,0
7.0803304,10.498333,10.027646,0
7.089305,9.263237,5.099674,0
5.865977,12.973687,7.5287776,0
7.3690166,9.605379,11.260813,0
7.987266,10.476833,6.044214,0
9.393181,10.729564,10.256772,0
7.3873024,10.166582,10.373086,0
8.02115,10.548459,6.1330204,0
7.1894875,9.903762,10.6397505,0
7.306892,9.661885,11.323985,0
6.71354,8.948547,6.183159,0
9.495916,11.087514,9.658142,0
6.6672735,8.723581,6.8369465,0
4.8164,10.489495,6.6367483,0
7.6817784,10.42023,9.478366,0
7.282522,9.165133,9.602435,0
8.6874075,10.179982,9.994017,0
7.5386677,11.000052,5.6862073,0
7.2080083,10.395694,7.704326,0
7.108619,10.219664,7.078285,0
8.989385,10.364478,10.435125,0
10.223441,10.286548,7.94925,0
10.263987,10.288124,8.251431,0
6.867342,11.372645,7.149524,0
5.8410473,12.964112,7.561963,0
6.508046,8.380435,6.9439893,0
6.9795523,9.4918785,6.795767,0
6.1679964,7.89096,6.7053676,0
9.567393,10.711098,10.062287,0
7.166455,9.795232,5.750318,0
9.32642,10.731279,9.661122,0
7.505261,9.678632,6.6583,0
7.378259,11.031507,8.032443,0
7.1937833,10.652773,7.3239474,1
7.2518435,10.4183445,9.7389555,0
6.8662443,9.627462,9.9491625,0
8.010038,11.175022,7.0813265,0
7.501347,8.683706,9.677022,0
9.929719,10.238136,7.4007063,0
7.056431,11.500038,7.058516,0
6.3266664,10.106395,10.538743,0
10.398667,10.015837,7.8850884,0
5.8002567,13.19372,7.152058,0
7.683594,9.595802,11.427962,0
7.462329,9.777711,5.8467984,0
7.2350926,9.7485695,11.082083,0
7.8166094,10.490693,9.591469,0
9.23356,11.193284,9.109427,0
9.602614,10.733249,10.054464,0
7.7152767,9.536951,9.845282,0
7.525968,8.895905,9.938094,0
4.5260773,11.022104,6.763362,0
9.425299,11.172027,9.378964,0
6.9681754,11.311669,7.2506075,1
7.7995124,11.315281,6.7202396,0
7.3421545,9.483817,11.1517725,0
7.3805084,10.63321,6.812833,1
10.466789,9.944925,7.8254824,0
7.1911106,10.8972645,8.11919,0
7.9803944,10.648181,6.4493985,0
6.795619,11.012722,7.534862,0
7.673936,10.660476,8.871087,0
10.319017,10.270749,8.200842,0
7.158563,9.467087,5.551165,0
7.837949,9.623963,9.959599,0
7.578506,9.6162,10.927172,0
7.5987835,10.864808,7.5678124,0
7.5827775,9.538113,10.7651,0
7.6923337,9.637582,6.908194,0
6.8992167,9.284538,9.465468,0
9.073194,10.323362,10.348747,0
6.941408,10.146815,6.3531737,0
8.046552,10.758529,6.4629683,0
9.548946,11.115502,9.70184,0
10.371382,10.185844,8.084017,0
6.6747704,9.923432,5.05346,0
7.0538797,9.678266,6.8005342,0
7.126492,9.369237,5.2872357,0
7.4891815,8.707649,9.643136,0
7.556825,10.91558,8.2321825,1
6.912052,9.370796,5.141288,0
7.111675,10.316704,9.9589615,1
4.565463,10.704695,6.6240883,0
6.66609,8.521642,9.712347,0
6.6684003,8.731017,7.013895,0
6.7969418,10.849584,7.091674,0
7.810887,9.895644,10.594692,0
7.8639164,10.405122,9.5762825,0
6.1464443,12.800927,7.3679,0
9.002262,10.334362,9.821859,0
7.471754,9.549559,11.199992,0
7.1051,9.954426,5.913409,0
7.1180882,10.258719,10.226112,1
7.504445,11.2963,7.0110908,0
7.4361563,9.5285,11.271517,0
7.137721,10.45986,9.96574,0
7.4494944,11.2001095,8.27353,0
7.109094,10.713774,7.1293073,1
5.9205074,13.054373,7.263215,0
7.0252147,9.835882,6.6728163,1
7.196906,10.997958,8.0079365,0
6.8173046,11.004009,7.5478873,0
7.9760823,10.5035095,9.887796,1
7.204593,9.168809,4.3785534,0
6.961351,9.459137,5.3653736,0
6.9857693,11.106935,6.5704236,0
6.833199,9.126477,6.7656345,0
8.044413,10.648939,9.86379,0
7.332257,10.543625,7.1995173,0
9.603551,10.703497,8.998446,0
8.885771,10.354381,9.482617,0
7.251682,10.8937435,7.0216064,0
7.154363,10.286876,10.075888,0
7.0795665,9.614461,5.4230547,0
6.9071465,8.743388,7.8479805,0
7.104289,10.483928,9.792162,0
6.9441433,10.701451,6.567645,0
9.16141,10.4173,10.2960415,0
6.1495123,7.8754187,6.727024,0
9.960505,10.2674055,7.455315,0
10.30321,10.054311,7.4603477,0
9.480842,11.031171,9.8853245,0
6.8294544,9.716638,6.3698387,0
4.871978,11.142686,6.8523784,0
7.3474016,11.012827,7.1947837,0
6.9112463,11.621404,7.0064836,0
6.150154,7.8762994,6.726279,0
7.1089177,10.927586,7.7140117,0
5.7790337,13.221521,7.124243,0
6.767465,9.032457,6.081835,0
5.816494,12.979416,7.6024456,0
7.933105,10.269735,5.85009,0
7.4066534,9.182335,9.413491,0
7.2247214,9.95343,10.588406,0
7.7095847,11.273054,6.773602,0
9.602069,10.719007,8.996562,0
4.423773,10.8804455,6.6473155,0
7.483849,10.994477,8.139858,1
9.479914,11.012267,9.713516,0
7.0123177,11.509605,7.2546315,0
8.014152,9.762638,10.299937,0
6.4888854,8.341025,6.95462,0
7.000816,10.034961,10.372807,0
6.6585817,8.524305,9.706298,0
8.118067,10.566882,6.2029953,0
7.674776,9.573901,10.787164,0
9.381335,10.871339,9.43106,0
7.0590377,9.2715845,5.126361,0
7.068541,9.283622,5.1152725,0
8.783115,10.340857,10.403092,0
8.049007,10.722474,6.482505,0
7.5329247,10.322603,9.401409,0
7.2696157,10.910461,7.1828713,1
7.3101616,10.970678,7.042458,0
7.3446245,9.100043,9.188157,0
7.347467,10.138368,6.84234,0
6.9490776,11.058065,6.5933743,1
7.456175,11.192368,7.746092,0
7.665357,9.364446,10.882949,0
7.896166,9.664396,9.705479,0
7.0974255,9.882445,5.9271765,0
6.809002,9.11249,6.918079,0
6.956001,10.3095255,5.6934447,0
7.1871753,10.69671,9.4906225,0
6.9889407,11.24296,7.122325,0
6.5122027,8.367251,6.9333506,0
9.061264,10.353654,9.520133,0
6.9024673,10.16959,10.371466,1
6.824099,10.893477,7.152185,0
7.610009,9.5883045,6.5537324,0
6.939345,11.290544,7.6552444,0
7.60229,9.505423,11.329464,0
10.354338,10.155092,7.998275,0
7.693217,9.607114,10.8454,0
6.6077337,8.549045,9.616185,0
7.4034843,11.142374,8.200781,0
6.412011,10.149193,10.520802,0
8.174039,10.13771,6.475259,0
6.9003296,10.74514,6.831342,0
6.8631325,10.798287,6.511964,0
9.4644,10.359859,8.510045,0
7.0930724,11.773574,7.4206057,0
5.919459,12.986732,7.3314176,0
4.9400706,11.184087,6.850388,0
8.052993,11.048721,6.212893,1
7.6767616,9.6699095,9.880037,0
7.5959597,11.052592,5.70342,0
8.429199,8.9570465,9.5411215,0
6.778603,9.171722,6.21816,0
7.04909,10.371808,7.0830054,0
8.781382,10.475188,9.555435,0
7.107509,11.802518,7.4528227,0
7.2201924,10.437392,9.9165325,0
7.9062634,11.268729,7.0778165,0
8.303548,9.777799,9.932164,0
6.651474,8.814152,6.1251864,0
7.6345654,11.0891,5.7580347,0
6.962436,8.785184,8.044664,0
9.3732195,10.751045,9.775828,0
9.403168,10.5924635,10.276926,0
8.00125,9.773632,10.283819,1
6.333626,10.070449,10.512576,0
7.142555,11.037445,7.062292,0
7.3251305,10.070544,10.391819,0
6.7720547,9.03799,6.9959908,1
4.593753,10.956288,6.6813154,0
8.042899,10.764797,6.3317966,0
7.6897507,9.585345,10.747834,0
8.317345,8.995933,9.5706415,0
5.8032975,12.928282,7.6364436,0
7.3499846,9.624941,11.289567,0
7.7131305,9.40163,7.739206,0
8.778858,10.20812,9.084959,0
9.181226,10.452682,10.155223,0
6.1448326,7.8692355,6.724739,0
9.17201,8.707545,9.287067,0
7.95425,10.048223,9.547202,0
4.7404437,10.567411,6.6960673,0
6.920761,9.372087,5.172305,0
8.219236,10.409443,9.441387,0
7.6587434,10.211165,6.611542,0
6.918957,11.790916,7.1033835,0
8.856284,10.190275,9.242694,0
7.494194,8.697579,9.661138,0
5.796578,13.200032,7.14951,0
9.995079,10.219765,8.203963,0
7.437168,9.532061,11.288624,0
8.050094,11.075832,6.207194,1
7.3831644,10.072981,6.009176,0
8.071046,11.189423,6.703848,0
7.4105206,9.500021,9.719152,0
7.9859514,9.414705,9.8173065,0
10.410222,9.999396,7.848182,0
6.0356865,12.915115,7.311546,0
6.934476,9.849121,10.263304,0
6.9782405,9.429531,5.375286,0
5.9430523,13.000596,7.331537,0
7.0671864,9.1889715,9.592193,0
8.156012,11.224044,6.8960466,0
6.3247676,10.12005,10.5468,0
7.2833104,9.705538,11.257884,0
6.924509,8.734035,7.866575,0
9.431055,11.183014,9.380495,0
7.2285757,9.993573,6.472867,1
7.913389,10.851752,9.810789,0
7.0063806,8.821733,8.149176,0
10.281191,10.1576805,8.062889,0
6.9539385,9.44006,5.312812,0
9.616054,11.077985,9.827488,0
6.7310014,11.010053,7.517611,0
6.314467,10.084534,10.527133,0
8.192142,10.862457,6.537363,0
7.5472984,10.335878,9.383719,0
10.279182,10.075172,7.473614,0
7.6052585,11.35171,7.187529,0
7.0774703,8.883136,8.211924,0
9.19589,10.61804,10.256273,0
7.9524794,11.29515,7.0438523,0
10.366693,10.273655,8.221329,0
7.0894423,11.790229,7.400871,0
4.4635606,10.983083,6.7506876,0
8.782192,8.928239,8.995437,0
6.9810176,11.530581,7.224105,0
7.5983486,9.294509,11.053966,0
7.527022,10.931413,7.0987415,0
8.3378105,10.003665,8.937765,0
7.1831574,9.188193,4.39531,0
7.1979895,10.929325,8.055744,0
7.4707565,11.18244,7.6590643,0
9.343099,10.688638,10.30389,0
8.368381,9.9906225,8.977162,0
7.6064167,9.532441,11.4123745,0
8.620319,8.925671,9.4637165,0
5.809795,12.969102,7.599271,0
9.255689,10.533201,10.302645,0
9.212043,8.703489,9.249454,0
7.0694165,9.930244,6.5511384,0
6.946151,10.420833,5.811978,0
6.6498413,8.700347,6.8148675,0
10.339627,10.14221,7.8448644,0
7.471138,9.277635,9.961734,0
7.213887,11.71515,7.502308,0
7.524794,9.937894,5.748592,0
7.184551,9.976171,10.394232,0
9.019694,10.313491,9.849741,0
8.079038,10.568214,6.149289,0
7.5759125,9.515156,10.547398,0
7.334855,9.950432,6.368522,0
9.161074,8.599116,9.398404,0
7.537669,9.406549,10.840614,0
4.482607,10.878766,6.6977553,0
6.748008,11.002538,7.5146623,1
7.524622,10.633308,9.910653,0
8.711873,10.283289,10.382729,0
7.8704715,10.29799,6.260948,0
10.270022,10.2377615,7.980299,0
5.832965,13.016179,7.527559,0
6.48942,8.342332,6.9517384,0
8.91228,8.754415,9.390698,0
7.3763547,9.664201,5.92631,0
7.9188952,10.637292,6.297064,1
7.380859,9.7938,10.920039,0
8.165389,11.241058,6.921657,0
7.8129563,10.509744,9.573991,0
6.628523,8.657753,6.9452863,0
7.1788583,9.220389,9.575223,0
7.005188,11.042391,6.641115,1
9.276631,8.663503,9.289188,0
7.3107605,9.713137,10.744534,0
6.3908763,8.409168,6.5158224,0
9.263924,8.681429,9.287053,0
9.00331,8.934639,9.183994,0
6.942956,9.2978945,6.9278936,0
7.3016825,11.711089,7.4622073,0
4.5075054,10.791811,6.6679926,0
7.490731,11.054096,8.139815,1
10.262232,10.250588,8.158874,0
6.625025,8.75892,6.8055716,0
10.436292,9.98753,7.8712854,0
9.294828,8.677591,9.275435,0
7.075392,10.966422,7.225263,0
10.3671255,10.132569,8.059762,0
7.817019,9.4925,9.8858595,0
8.577472,10.621185,10.262185,0
8.2449,9.687502,10.148116,0
7.021227,9.287891,6.11101,0
9.109985,10.718669,10.232518,0
6.430773,8.46336,6.5864763,0
9.295559,8.700247,9.276355,0
7.867814,9.453353,9.90236,0
6.4682903,8.32805,6.909966,0
8.0444975,11.098931,6.3321013,0
7.146357,10.622454,9.85443,0
7.674886,11.082031,5.799989,0
6.6773887,9.938563,5.08706,0
7.3438134,10.427427,9.578032,0
7.445651,11.051679,7.6197257,0
6.6864743,8.560181,9.672128,0
7.782101,9.955917,5.324694,0
7.5280046,9.58194,10.858582,0
7.3962116,9.779666,10.878286,0
7.125528,10.217502,10.341011,0
6.623606,8.572831,9.64951,0
7.6470084,9.642222,5.0053062,0
7.601578,9.410392,9.709516,0
6.8449397,9.287997,6.2667894,0
7.8716865,10.61125,9.075365,0
8.934779,10.157076,10.144734,0
7.4709334,9.292584,10.209596,0
7.635159,9.337557,10.983902,0
8.453881,8.86988,9.550236,0
7.4756465,9.429621,9.247227,0
9.451989,11.178444,9.466155,0
7.765973,11.335521,6.668064,0
5.969836,12.977998,7.2806168,0
4.538735,11.027716,6.7855372,0
7.1443563,9.194929,9.579614,0
9.268739,8.651709,9.320216,0
9.260045,8.660604,9.301911,0
7.1242366,11.748259,7.4091077,0
8.290582,10.799226,6.468303,0
5.7881937,13.2124195,7.123137,0
7.1020646,10.3873,7.2015805,0
10.357791,10.150921,8.122559,0
7.883806,11.808757,7.519083,0
7.363209,11.62999,7.35246,1
10.4053,10.004512,7.8571935,0
9.335689,10.683249,10.299834,0
6.9301333,9.564852,9.516071,0
10.379895,9.944968,7.7871027,0
4.4771404,11.034604,6.766871,0
7.468475,10.852809,5.767894,0
8.034824,11.254667,7.0501904,0
8.215415,10.385683,9.475054,0
9.223742,10.341744,10.151028,0
5.820537,13.175789,7.171372,0
7.2124376,10.454147,9.813313,0
6.792537,11.972129,7.447294,0
7.94464,10.510719,9.790906,0
7.630366,11.415465,7.316128,0
7.1357274,10.441654,6.5367703,0
7.181627,11.70649,7.4623637,0
7.7586355,11.482351,7.430798,0
8.876748,10.546276,9.651572,0
7.9026747,10.828647,9.822656,0
7.2024517,9.168128,4.3755693,0
7.371016,10.022164,6.2635884,0
7.7724586,11.31864,6.697772,0
7.030596,10.378713,5.805693,0
7.7762423,11.330581,6.7266054,0
10.261511,10.237428,8.093544,0
6.7902308,10.966104,7.5416923,0
6.3467035,10.066961,10.498551,0
8.902539,10.146067,9.912584,0
6.679954,9.932264,5.097377,0
8.289256,10.324186,9.495737,0
6.9397764,10.306308,5.72613,0
6.966493,9.248201,9.497934,0
7.053973,10.769455,7.409233,0
7.0833745,8.885261,8.2242985,0
9.116569,10.366224,9.50503,0
4.539579,11.006122,6.7926583,0
7.6630883,9.501186,11.259159,0
6.4106207,10.043936,10.468141,0
7.721848,9.726059,5.0753784,0
7.0588326,11.643387,6.9649324,0
7.0157747,8.807882,8.228441,0
9.194531,10.843891,9.801776,0
7.4679766,8.724204,9.6448555,0
7.591903,9.49294,10.585246,0
7.1986084,9.171579,4.388583,0
7.4183135,9.439399,9.728062,0
8.063727,9.995434,9.694063,0
7.7595506,11.3404,6.747745,0
7.0590334,9.237178,9.5655575,0
5.829351,12.95085,7.5963902,0
8.943729,10.36472,10.335707,0
7.511492,9.547275,10.582512,0
6.66843,8.53607,9.701146,0
7.211794,10.195748,10.360028,0
8.043422,10.720076,6.40873,0
7.5941563,8.91614,9.939655,0
6.3751683,8.396615,6.518159,0
10.186927,10.31434,8.282347,0
7.9763784,10.622081,6.142184,0
7.329358,10.035168,6.010528,0
7.24876,10.594958,7.136539,0
6.8911724,9.37691,5.13302,0
7.8249097,10.09624,5.576766,0
7.138756,9.793963,7.526356,0
6.878646,9.165296,7.0918546,0
10.311909,10.20839,7.9718676,0
7.5068135,8.680103,9.665938,0
7.469642,11.114357,7.5366597,1
8.085341,11.211262,6.9798555,0
8.04981,11.103429,7.0093102,0
7.593342,9.573975,6.5779176,0
7.0862694,9.194466,9.572463,0
7.7436852,9.749013,10.572266,0
7.9628215,10.424549,9.565893,0
8.052333,10.733002,6.432969,0
8.026756,10.6228895,6.2100697,0
10.3543,10.182514,8.005975,0
10.36571,10.157604,8.145798,0
7.227766,10.129369,6.109065,0
7.1227007,11.756705,7.4341297,0
7.517552,9.345272,10.976382,0
7.674815,9.575414,11.362878,0
9.080169,10.4226885,9.639073,0
7.7007704,9.681733,11.226109,0
7.716398,9.418929,7.723053,0
8.237824,10.335169,9.505278,0
9.336152,10.803509,9.799576,0
7.934449,9.788434,9.889968,0
8.397208,8.868431,9.556012,0
7.0555267,10.520489,6.146098,0
7.2453966,10.218522,6.0638447,0
7.412373,11.09637,8.060172,0
6.9048715,10.152065,5.5677958,0
9.11183,10.461753,9.646817,0
6.1459584,7.875589,6.7393413,0
7.5695353,10.568535,6.4144535,0
7.242005,9.842051,10.60023,0
7.4570217,11.202586,8.2418585,0
6.653167,8.512156,9.723133,0
7.8926196,10.402071,6.3625793,0
7.305191,10.948236,7.1129017,1
7.514065,9.148824,9.266691,0
7.4053206,10.434418,9.409811,0
7.8902583,11.298963,6.773223,0
7.1895986,9.271666,4.552571,0
8.479382,8.966892,9.518805,0
9.183988,10.825159,9.473328,0
7.8417683,9.985384,9.280797,0
7.9559307,10.368115,5.9277477,0
7.8460097,10.257683,9.048285,0
6.953493,10.5924425,6.875636,0
7.8709683,9.971275,9.286848,0
6.9361105,10.594182,6.8538704,0
6.5491476,8.474454,7.092244,0
6.378232,10.07907,10.493499,0
7.7095327,9.894272,10.682516,0
6.9968586,11.659673,7.2218785,0
7.5512753,10.341284,9.376548,0
7.2065544,9.079167,8.5418825,0
7.084266,11.619282,7.256348,1
7.0340056,11.4778595,7.3660097,0
6.6737404,10.937035,7.65141,0
7.2013526,9.860466,5.8620954,0
7.6504726,11.105794,5.789548,0
7.237923,9.942449,5.6445932,1
4.4848747,10.962928,6.730088,0
7.7983108,9.925321,5.2804914,0
7.627273,8.996345,9.882753,0
7.16712,10.592861,9.808512,0
10.337979,10.219264,8.106462,0
7.5756288,9.745911,10.01078,0
9.7286415,10.837812,10.087871,0
7.494119,11.216466,7.142973,0
7.559345,11.008859,5.7097154,0
7.914402,10.270012,5.780972,0
7.4402647,11.171634,8.224472,0
4.4136443,10.835388,6.5795455,0
7.121257,9.437005,5.3936386,0
7.654795,9.543157,10.832701,0
7.855571,9.551899,9.845956,0
6.914849,8.726833,7.8105893,0
7.4801435,9.453332,10.591146,0
9.690032,10.99647,9.977236,0
9.602873,11.054161,9.954891,0
7.7321105,9.097985,10.101463,0
7.582958,8.892756,9.9710655,0
7.1370573,8.965986,8.40124,0
6.4916987,8.347493,6.9546685,0
7.345472,10.1506405,6.1743054,0
7.41674,9.800441,6.026932,0
9.347373,10.980757,9.630829,0
7.549932,10.329821,9.445178,0
6.6597185,9.972287,5.089853,0
7.164785,9.317274,5.4527287,0
5.8088307,13.189526,7.1513615,0
8.860072,10.322062,10.365076,0
8.982723,10.26752,9.802497,0
7.092334,9.336439,5.527537,0
7.4386816,9.701331,5.590695,0
4.527953,10.751106,6.6473007,0
8.179033,11.239451,6.9223294,0
4.477626,10.936226,6.7084928,0
7.8617234,9.478175,9.884714,0
7.9323378,10.276583,9.308768,0
7.447794,10.998362,7.2281265,0
7.3680434,10.129726,9.818961,0
7.7711167,9.032721,10.114068,0
7.42621,9.454702,10.695961,0
7.204345,10.781256,8.269269,0
8.907586,10.201742,10.170494,0
8.469249,8.947049,9.541833,0
8.047401,11.04213,6.229375,0
7.9358215,9.906704,10.219123,0
9.3684435,10.824585,9.696922,0
7.41887,8.884968,9.495189,0
7.799978,9.53551,10.201097,0
6.12386,7.865194,6.7672315,0
7.2001357,11.658294,7.4523225,0
7.316933,10.045034,10.413206,0
8.251875,9.868702,8.8798065,0
9.078832,8.6826105,9.324555,0
7.471285,10.964775,6.4036083,0
7.8071656,9.502968,10.186062,1
7.3665466,10.915122,7.1572394,0
8.855086,10.335655,10.355666,0
7.496075,9.345991,10.63222,0
9.409112,11.130914,9.458986,0
7.009168,10.413671,9.351269,0
7.0899568,10.319855,7.140819,1
7.182937,9.783922,11.066928,0
7.324683,9.42399,11.143955,0
8.007401,10.765448,6.3019156,0
6.5738626,8.53941,6.9002075,0
7.705684,9.905278,10.256175,0
7.515275,9.502445,11.161589,0
7.048017,10.50856,9.850562,1
7.195947,9.168989,4.383092,0
7.7055182,11.261255,6.640371,0
4.834911,10.474356,6.647177,0
7.1606164,10.459883,10.001007,0
7.762348,10.2165165,6.092137,0
9.88295,10.321176,7.468413,0
10.38328,10.204266,8.111819,0
6.9669275,9.463693,5.371404,0
7.9614754,11.278309,7.050064,0
7.8746305,9.58878,9.945403,0
7.39443,9.562496,11.3143215,0
7.9170914,10.92542,9.791913,0
6.3587856,10.072434,10.503887,0
7.0279703,11.471825,7.2667193,0
10.424478,10.1186695,8.107492,0
7.2881546,10.223425,6.136259,0
9.474835,11.041328,9.67379,0
6.3995867,8.415689,6.549518,0
7.670215,9.722665,9.748894,0
7.157538,10.003304,10.5614,0
9.087849,11.106937,9.639908,0
7.678052,9.601538,11.3288355,0
6.7063136,8.776877,6.7834525,0
7.5979877,11.034806,5.7227235,0
7.5355153,9.530679,11.402439,0
7.280171,10.317784,6.058778,0
7.333255,10.274283,6.115692,0
6.9622383,10.394557,6.5893106,0
7.6828613,9.372241,10.932824,0
7.816324,9.898765,10.546331,0
7.8625793,10.111455,9.99303,0
8.207138,10.37719,9.462346,0
9.612209,10.700721,8.990613,0
7.1469836,10.678797,9.474438,0
8.21265,9.866068,8.835362,0
5.851544,13.148694,7.2050347,0
7.650018,9.635174,11.236505,0
7.766357,10.212945,6.134192,0
8.853127,10.32417,10.340812,0
7.17769,9.23595,4.7816052,0
10.046175,10.354546,7.815752,0
4.895922,11.158773,6.85044,0
8.219018,9.780687,9.837833,0
7.530672,9.355184,10.900046,0
7.2033997,9.091048,8.53807,0
8.028691,10.130267,9.463634,0
9.167294,10.551945,9.651849,0
9.67767,10.948382,9.9997635,0
6.3873734,12.455717,7.386004,0
7.756825,11.314435,6.669679,0
8.2049675,10.183988,9.652854,0
8.874433,10.365001,9.53241,0
7.9959598,10.66231,6.3850822,0
6.8999047,10.725824,6.19017,0
9.73283,10.910592,10.073746,0
7.230148,10.811711,8.256694,0
7.885638,11.308267,7.179182,0
7.336828,10.362864,6.1761622,1
9.135821,10.374966,9.540566,0
10.371537,9.882241,7.8947635,0
4.9112854,11.161246,6.8554316,0
9.19283,10.878689,9.3615055,0
7.6235304,9.569033,11.413608,0
10.348268,10.224611,7.815963,0
7.082305,11.353886,7.2866178,0
8.016075,11.0484085,6.218904,1
8.162498,9.77425,10.192683,0
8.242134,10.089384,6.5686064,0
7.3012276,9.71276,11.020887,0
7.5458403,9.774958,10.044495,1
7.2652574,9.352307,5.463914,0
7.4556875,11.216355,8.293348,0
7.5175257,10.958254,5.6962457,0
7.135878,10.458558,7.189539,1
7.371461,10.939657,6.913023,0
7.512483,11.266661,7.3288603,0
7.04066,10.355619,5.7687593,0
5.916115,13.037519,7.285235,0
9.46037,11.048821,9.8852215,0
7.9978194,9.560806,9.221913,0
8.900653,10.356473,9.702762,0
4.473149,10.927034,6.758562,0
9.184765,8.691942,9.296109,0
7.053763,10.00103,9.664957,0
7.9719734,10.742157,6.469778,0
10.371361,10.192025,8.079415,0
7.5521708,9.613853,6.5223575,0
5.8331265,13.160285,7.1890264,0
4.4610076,10.845144,6.660096,0
10.087489,10.247685,7.6383796,0
8.959,10.355426,9.520306,0
6.9968176,10.331959,5.7277994,0
7.5506954,11.164069,7.4069023,0
7.680645,11.110102,5.833171,0
7.0908003,11.389346,7.352272,0
7.770329,9.609358,9.782545,0
7.0602207,9.52897,9.566424,0
4.5340614,10.748247,6.652374,0
7.3413086,9.66055,5.8551726,0
7.4042115,10.159099,6.8947816,0
8.028742,9.849422,9.846453,0
6.9972863,8.815012,8.133489,0
6.1461263,7.87366,6.7304344,0
4.505458,10.987083,6.745013,0
7.7815843,9.796641,11.14298,0
7.461826,11.234312,7.7273774,0
7.1556225,11.162531,6.6938534,0
7.5760217,8.873482,9.949044,0
7.623545,11.084587,7.5306706,0
6.3719554,10.090618,10.508333,0
7.8602586,10.049366,10.253504,0
9.052423,10.425944,9.807764,0
7.220935,9.034724,8.597413,0
7.3004436,10.88981,7.8831987,0
7.0210238,9.552599,9.55635,0
9.467533,10.667733,10.259711,0
9.0621,11.006662,9.678322,0
9.26735,8.6821375,9.282901,0
7.286545,11.694437,7.457695,0
6.110265,12.818902,7.3462987,0
7.1659307,9.353562,5.3751173,0
8.818156,10.371674,10.322884,0
7.3205924,9.642913,11.309597,0
7.5415754,9.185604,9.309357,0
6.9686127,8.782662,8.258091,0
7.805649,11.015711,7.15035,0
10.417384,10.147568,8.096827,0
7.441895,10.338116,9.503476,0
9.046328,10.176825,9.911116,0
7.5054874,9.557943,5.293903,0
7.4950695,8.71978,9.661789,0
7.02094,10.427876,9.819089,0
9.34766,10.3612,10.154797,0
7.9708533,10.420881,5.997556,0
9.105004,10.083452,7.6723127,0
6.869976,11.174185,7.157203,0
4.519388,10.992014,6.74687,0
7.1712527,9.408787,5.4363723,0
7.5658255,9.524029,11.121676,0
7.042262,11.659071,7.274972,0
6.899288,10.420794,6.0874257,0
7.4082766,9.65311,11.333926,0
4.574177,10.978485,6.713262,0
6.6443825,8.804877,6.1380734,0
7.0916214,10.376774,7.0088596,1
7.125704,9.416979,5.4876842,0
6.819282,11.817097,7.4684057,0
9.067118,11.077391,9.642746,0
6.941658,10.8026285,6.8272443,0
7.166035,10.581458,9.820725,0
9.420927,11.050804,9.6275015,0
7.514637,9.481817,11.109112,0
6.922156,10.250165,5.6561236,0
7.082341,9.303822,5.369285,0
7.6706066,9.518035,10.808189,0
8.373357,8.995477,9.567462,1
7.239705,9.987403,5.848691,1
7.209212,11.693241,7.445095,0
5.9205194,13.010981,7.3094563,0
8.039742,11.21953,6.859185,0
7.1744018,10.905306,8.03435,0
8.940661,8.771638,9.391961,0
7.2549834,11.698494,7.51105,0
7.3960376,9.683202,5.4416385,0
7.014248,10.420749,9.546028,0
5.92264,13.049054,7.268068,0
7.5944414,9.567932,11.382957,0
7.5010915,10.117706,5.8344784,0
7.3186502,9.65541,5.7949767,0
7.2011194,9.173878,4.386953,0
9.434422,11.040816,9.871818,0
7.180745,10.501325,7.3441772,1
7.093699,9.321359,5.147931,0
8.244255,10.235758,9.627529,0
8.697687,8.909959,9.368592,0
7.891344,10.179262,9.877283,0
7.5570426,10.084276,8.987865,1
7.8918962,11.808618,7.526582,0
7.6546474,10.103911,5.8970947,0
7.4933414,9.081133,9.566899,0
7.56469,9.421752,10.868876,0
7.459145,9.907539,6.3843217,1
6.9530106,11.441089,7.192207,0
7.428953,11.183792,8.2490635,0
7.8919563,11.809425,7.52977,0
9.924501,10.306478,7.500941,0
7.4254117,9.6189165,10.5773325,0
8.019713,11.0314455,6.2758026,1
6.9434695,8.77745,7.9437356,0
7.1163344,10.290147,6.983323,1
6.7681193,11.974436,7.4625344,1
7.9623704,10.434897,6.08598,0
7.159172,9.457204,5.37803,0
6.342745,10.081615,10.511108,0
6.414639,10.052198,10.479345,0
7.363188,11.632686,7.3437486,0
7.055009,9.292821,5.114338,0
7.017181,10.410786,9.217694,0
7.4095283,9.656219,11.303978,0
7.007097,8.805789,8.216964,0
8.11008,10.647633,6.348468,0
7.9142103,10.945143,9.785184,0
6.376039,8.401612,6.5154753,0
7.233455,9.860117,5.9260135,0
7.5608554,9.550408,10.853901,0
6.8996353,9.385114,5.144822,0
7.0907807,9.615219,5.621948,0
10.099103,10.238981,7.656014,0
7.0009604,9.447472,5.5587926,0
9.649965,10.862599,10.054702,0
5.838253,13.153297,7.1894097,0
7.886687,11.070408,7.0613713,0
9.223654,8.707887,9.296199,0
6.207607,12.742243,7.3773346,0
7.1483216,10.779245,7.4880466,0
7.537934,10.4818125,9.727708,0
7.403949,9.868727,6.1722775,0
9.246823,10.757756,9.382463,0
10.311991,10.035187,7.47033,0
7.1554427,10.655008,9.636353,0
7.626351,9.81963,9.340597,0
9.000683,10.364027,9.557973,0
9.259054,8.676154,9.291153,0
7.480456,9.136229,9.589737,0
7.809428,9.729479,9.623068,0
7.358494,10.545129,6.8716793,1
7.256768,10.083068,10.320663,0
7.948769,10.364106,5.909635,1
7.8951983,10.490969,9.684731,0
7.925375,10.920368,9.788712,0
7.7195253,9.823685,10.876978,0
6.722418,12.072116,7.4508924,0
7.112849,9.339314,5.424051,0
6.8619404,11.026395,6.356288,0
9.178864,10.113456,7.7453985,0
7.358737,9.59936,11.262531,0
4.838134,10.462437,6.644296,0
7.3523965,11.254634,7.4592113,0
9.486466,11.115364,9.654053,0
9.049401,10.367,9.796481,0
9.062018,10.367734,9.469008,0
7.7238207,10.232564,5.9711256,0
7.6340475,9.592467,9.834905,0
6.30175,10.1556,10.576534,0
7.1631527,9.401042,5.4911566,0
7.273894,9.207768,8.648832,0
7.5264287,9.664699,9.657627,0
9.64016,11.038067,9.920773,0
9.227236,10.933026,9.413634,0
7.547594,10.997951,5.7063746,0
7.551384,9.51759,10.469746,0
7.82549,10.461425,9.571233,0
6.9424596,8.7548275,7.834247,0
6.87813,9.647234,9.984831,1
8.064174,11.161916,7.0029187,0
7.7538323,9.559116,9.861117,0
9.386496,10.884781,9.677637,0
7.272949,10.789014,6.9784636,0
8.011062,10.612919,6.1717205,0
6.210251,12.738371,7.376768,0
6.8333178,11.029456,7.3898835,1
7.266879,10.677929,9.5984335,0
9.078748,10.16959,9.893749,0
9.030018,8.946907,9.211699,0
9.63952,10.871755,10.037559,0
7.015089,10.333744,5.7978563,0
8.354749,8.984663,9.570189,0
6.8559184,11.013543,6.347899,0
4.4665055,10.86421,6.6798043,0
10.346121,10.172522,7.9254403,0
9.357394,10.501944,10.134372,0
8.887388,10.428104,9.810435,0
8.866803,10.327768,9.76794,0
9.056226,11.0745325,9.62243,0
5.9375606,12.996255,7.3388596,0
7.6057973,9.230651,9.489918,0
7.1168284,9.212705,9.584822,0
7.642843,9.784943,5.2318273,0
10.308076,10.05109,7.467733,0
7.637154,11.064871,5.7613335,0
7.8457856,10.186464,5.6481676,0
6.9342093,10.178656,5.6096754,0
7.0293984,9.300112,9.574049,0
5.9619746,12.99709,7.285778,0
7.9073105,11.806713,7.526808,0
5.780311,13.2200985,7.128263,0
7.5150304,8.728133,9.685087,0
7.4179206,10.221589,6.88616,0
6.6886983,8.776655,6.9434986,0
7.6608257,11.099465,5.8202934,0
9.160102,8.767554,9.288897,0
7.377733,9.884904,10.676225,0
9.577531,10.728893,10.075016,0
9.686188,10.989762,9.983543,0
7.1884193,10.668525,7.3195744,0
9.63106,10.498749,7.4729953,0
9.130718,10.419374,10.25608,0
8.2890215,9.997687,8.970055,0
9.144546,9.080143,9.041832,0
6.4885736,8.341114,6.9687786,0
9.015271,8.9684105,9.165321,0
7.5846944,9.516146,10.694301,0
4.85658,10.467247,6.648287,0
7.415405,11.187286,7.7142963,0
7.1500063,10.241039,7.057267,1
5.009087,11.191771,6.874035,0
7.7455025,10.037658,5.423419,0
7.7872863,9.470148,9.887736,0
7.258441,9.443102,5.540215,0
7.203486,9.18111,4.396995,0
6.3353653,10.133611,10.57641,0
6.915686,10.243639,5.6500645,0
7.240049,10.823739,8.228063,0
6.9065437,8.724352,7.812613,0
6.913479,10.08075,5.5280733,0
7.3131037,10.95761,7.8651705,0
7.226335,10.53164,9.82145,0
7.452782,11.200399,8.215659,1
10.149673,10.201258,8.040527,0
7.4419374,11.222026,7.363338,0
7.825595,9.883492,10.542865,0
10.409186,10.003519,7.8624077,0
7.8875775,10.297335,6.3430815,0
7.476568,11.132306,7.6614723,0
7.756152,9.086268,10.074598,0
10.038936,10.276191,7.623788,1
7.97127,10.703815,6.543085,0
6.8564277,10.963522,6.3102717,0
7.567475,9.571324,10.754898,0
4.5012608,10.964592,6.7238235,0
6.6578217,9.978343,5.093982,0
7.411254,10.26162,10.38297,0
7.0536485,11.729077,7.202679,0
6.6544485,8.82022,6.129858,0
7.5597744,9.087112,9.410655,0
9.003483,10.186972,9.853746,0
6.3462214,10.093653,10.530254,0
6.666034,8.530496,9.707275,0
7.5342603,11.187041,7.341696,1
7.1131067,10.694042,9.594738,1
7.223446,11.660121,7.488028,0
7.539161,9.574,6.5996194,0
7.543798,8.854414,9.90752,0
8.189608,10.875389,6.441384,0
7.170197,9.807838,5.700024,0
7.558415,9.610061,6.5332394,0
4.476762,10.97198,6.7183557,0
9.18037,10.499088,10.195525,0
9.111445,9.941033,9.749831,0
9.361976,10.829683,9.682898,0
4.4520407,10.89318,6.7395663,0
7.1544905,10.634262,9.597423,0
7.201912,9.170894,4.382955,0
9.101013,10.563963,10.187604,0
6.028639,12.9120865,7.317217,0
8.013307,10.696305,6.4176197,0
10.417717,10.006203,7.8065753,0
7.631986,10.330294,6.7612605,0
7.1539006,9.384705,5.415098,0
6.9860134,11.24986,7.12665,0
7.2075377,10.104322,10.394569,0
6.6533675,8.818168,6.131975,0
6.3792195,8.401398,6.5177855,0
7.94945,10.069999,9.419752,0
7.795259,10.066615,10.306026,0
10.278009,10.078114,7.465185,0
7.310135,10.225944,6.1220965,1
6.1901627,12.757744,7.3728385,0
8.554294,8.961875,9.438826,0
7.3929734,8.886509,9.537201,0
7.1319137,11.407254,7.352879,0
7.6652203,11.42677,7.3338113,0
6.908012,9.377895,5.1507087,0
6.472922,8.416084,6.7097125,0
7.6042824,9.745562,10.022561,0
7.900341,10.336111,5.870105,0
10.293384,10.177377,8.058967,0
7.878565,10.318208,5.8884134,0
4.443928,10.872866,6.6502905,0
8.424893,10.400569,9.446689,0
8.193589,9.739587,9.971377,0
6.9476333,10.299283,5.7381315,1
7.5735893,10.483188,9.656545,0
7.4720125,10.043664,5.9166474,1
7.486174,9.482863,9.765078,0
7.104163,11.68675,7.3606124,0
7.148623,9.404488,5.513545,0
7.498431,9.540908,11.343822,0
7.5112405,11.254877,7.156966,0
7.0110464,9.67541,6.56206,0
7.101959,11.158303,6.6929407,1
4.862499,10.452109,6.6264367,0
6.679314,8.865589,6.1323886,0
7.55338,11.00123,5.708373,0
7.5782237,9.7601185,5.384414,0
7.6447797,11.299649,6.655225,0
6.677748,8.526147,9.700099,0
10.339263,10.146984,7.889435,0
7.6344085,9.814133,10.925893,0
8.800589,10.211844,10.214785,0
9.578434,10.70332,9.024096,0
8.026227,9.893316,10.2094,0
9.111996,10.384267,9.529783,0
7.087071,10.477877,6.9584584,0
9.236238,8.697325,9.287548,0
7.7385917,9.505239,9.790082,0
7.259747,10.396678,9.758521,0
9.091874,10.59917,10.196257,0
6.780932,11.009786,7.466683,1
6.9009876,11.1088915,7.3215046,1
7.88927,10.861938,6.3743215,0
10.22397,10.246836,7.928548,0
6.992386,10.286495,5.755508,0
5.104308,11.211489,6.897257,0
7.8574014,9.822536,10.340781,0
9.345272,10.901677,9.676931,0
10.303626,10.050346,7.4870653,0
7.7312818,9.8489,10.588414,0
7.7359133,10.395704,6.643402,0
5.8875732,13.09706,7.2347555,0
7.1611185,10.896782,7.2167444,0
7.586244,10.946111,7.5076528,0
4.4700933,10.95604,6.721057,0
7.466227,10.642534,9.705848,0
7.65519,9.254835,9.511768,0
9.488064,11.038107,9.577704,0
7.3673034,9.491398,8.855638,1
7.7938104,9.544706,9.895023,0
6.6321745,8.6006775,9.647349,0
7.9071174,11.810704,7.52425,0
7.350568,10.998744,6.977743,0
7.5021544,9.147336,9.554926,0
8.859233,10.349253,10.309851,0
7.145729,9.029194,8.415202,0
7.640078,9.789696,5.253224,0
6.337713,10.135393,10.544229,0
9.166651,10.899792,9.565256,0
7.2544236,9.710511,11.234478,0
7.43854,9.665439,5.300726,0
7.960698,10.696315,6.5891457,0
7.4884086,9.624936,9.887361,0
9.0826645,10.5205145,10.264543,0
7.266154,11.678606,7.461498,0
7.1235304,10.70289,7.0148487,0
9.316307,10.964308,9.570725,0
7.2022767,9.17432,4.386379,0
7.011929,10.3631115,5.821885,0
7.6016917,10.37191,6.6939654,1
9.513794,11.101655,9.688213,0
7.171765,9.812991,5.6193485,0
4.8046527,10.511445,6.6722794,0
7.1831264,9.9385605,5.9575253,0
8.152749,9.8054495,10.222955,0
4.8332067,10.480425,6.646181,0
8.017681,11.225554,7.014004,0
7.007291,8.816144,8.131485,0
7.8873,10.39145,6.019972,1
7.104076,9.242161,9.592068,0
7.4165435,11.108327,6.9095197,0
7.775114,10.013446,5.414442,0
6.789227,8.992444,6.675799,0
9.458083,11.0973835,9.614646,0
6.9778457,9.2511,9.503587,0
7.8556533,11.281365,7.165719,0
6.983992,11.048839,6.6361957,1
7.156791,10.543345,7.168883,1
7.194928,10.5879755,9.563252,0
4.4597774,10.914263,6.669307,0
7.712474,9.409964,7.763448,0
8.468381,8.957703,9.569079,0
7.1302266,10.415182,6.546033,0
7.2965465,10.259417,6.1874256,0
7.253832,10.381979,9.541062,0
7.768739,10.406355,8.7274685,0
7.128391,10.017575,5.9573374,0
7.082709,10.418695,7.054499,0
6.1937056,12.753464,7.369212,0
6.6405935,8.628164,9.629955,0
8.009825,10.475578,9.8666,0
7.544574,9.079016,9.579189,0
8.339722,9.018438,9.589162,0
7.7058682,10.248096,5.8223343,0
7.735986,10.266224,9.3688965,1
7.5205207,11.299651,6.9989877,0
7.035507,11.629069,7.254068,0
8.023716,10.545473,6.1190953,0
7.175966,10.516742,9.75304,0
7.0210238,10.395121,5.836841,0
9.008219,10.299517,9.403407,0
7.1469035,9.218029,9.592734,0
6.992382,11.029517,6.589546,0
9.25856,10.735284,9.631897,0
8.347507,8.852443,9.277616,0
7.8949037,9.888484,10.258835,0
7.6406894,9.64482,5.0062594,0
8.450333,8.900029,9.52815,0
6.9504976,9.266977,9.477807,0
6.395998,12.414039,7.4243073,0
9.443544,10.369113,8.513598,0
8.56597,10.26948,10.398174,0
7.028721,9.615232,6.7848372,0
7.983695,10.754927,6.3762236,0
9.6098795,11.04605,9.937114,0
7.6454096,9.434271,10.115355,0
10.360439,10.168749,8.05116,0
8.098678,11.257379,6.949229,0
7.0917473,10.5395155,7.101227,1
7.5216384,9.687338,6.486785,0
7.9128065,10.372356,6.0657353,0
9.362247,10.996924,9.583884,0
